{
  "version": 1,
  "displayDebugData": false,
  "enabled": true,
  "leafSize": 5,
  "leafLifespan": 200,
  "leafSpawnRate": 10,
  "coniferLeafSpawnRate": 0,
  "snowflakeSpawnRate": 15,
  "dropFromPlayerPlacedBlocks": true,
  "leavesOnBlockHit": true,
  "minimumFreeSpaceBelow": 1,
  "windEnabled": true,
  "windlessDimensions": [
    "minecraft:the_end",
    "minecraft:the_nether"
  ],
  "leafSettings": {
    "minecraft:mangrove_leaves": {
      "spawnRateFactor": 1.0,
      "isConiferBlock": false
    },
    "minecraft:cherry_leaves": {
      "spawnRateFactor": 1.0,
      "isConiferBlock": false
    },
    "minecraft:azalea_leaves": {
      "spawnRateFactor": 1.0,
      "isConiferBlock": false
    },
    "minecraft:birch_leaves": {
      "spawnRateFactor": 1.0,
      "isConiferBlock": false
    },
    "betterend:tenanea_leaves": {
      "spawnRateFactor": 1.0,
      "isConiferBlock": false
    },
    "minecraft:acacia_leaves": {
      "spawnRateFactor": 1.0,
      "isConiferBlock": false
    },
    "betterend:pythadendron_leaves": {
      "spawnRateFactor": 1.0,
      "isConiferBlock": false
    },
    "betterend:lucernia_leaves": {
      "spawnRateFactor": 1.0,
      "isConiferBlock": false
    },
    "biomemakeover:blighted_balsa_leaves": {
      "spawnRateFactor": 1.0,
      "isConiferBlock": false
    },
    "minecraft:flowering_azalea_leaves": {
      "spawnRateFactor": 1.0,
      "isConiferBlock": false
    },
    "minecraft:jungle_leaves": {
      "spawnRateFactor": 0.0,
      "isConiferBlock": false
    },
    "biomemakeover:willow_leaves": {
      "spawnRateFactor": 1.0,
      "isConiferBlock": false
    },
    "biomemakeover:swamp_cypress_leaves": {
      "spawnRateFactor": 1.0,
      "isConiferBlock": true
    },
    "biomemakeover:ancient_oak_leaves": {
      "spawnRateFactor": 1.0,
      "isConiferBlock": false
    },
    "minecraft:oak_leaves": {
      "spawnRateFactor": 1.0,
      "isConiferBlock": false
    },
    "betterend:lacugrove_leaves": {
      "spawnRateFactor": 1.0,
      "isConiferBlock": false
    },
    "betterend:dragon_tree_leaves": {
      "spawnRateFactor": 1.0,
      "isConiferBlock": false
    },
    "minecraft:dark_oak_leaves": {
      "spawnRateFactor": 1.0,
      "isConiferBlock": false
    },
    "minecraft:spruce_leaves": {
      "spawnRateFactor": 1.0,
      "isConiferBlock": true
    },
    "betterend:amaranita_fur": {
      "spawnRateFactor": 1.0,
      "isConiferBlock": false
    },
    "betterend:helix_tree_leaves": {
      "spawnRateFactor": 1.0,
      "isConiferBlock": false
    },
    "betterend:tenanea_outer_leaves": {
      "spawnRateFactor": 1.0,
      "isConiferBlock": false
    },
    "betterend:lucernia_outer_leaves": {
      "spawnRateFactor": 1.0,
      "isConiferBlock": false
    },
    "betterend:blue_vine_fur": {
      "spawnRateFactor": 1.0,
      "isConiferBlock": false
    },
    "betterend:mossy_glowshroom_fur": {
      "spawnRateFactor": 1.0,
      "isConiferBlock": false
    },
    "betterend:glowing_pillar_leaves": {
      "spawnRateFactor": 1.0,
      "isConiferBlock": false
    },
    "betterend:cave_bush": {
      "spawnRateFactor": 1.0,
      "isConiferBlock": false
    },
    "betterend:umbrella_tree_membrane": {
      "spawnRateFactor": 1.0,
      "isConiferBlock": false
    }
  },
  "leafSpawners": [],
  "fallSpawnRateFactor": 1.8,
  "winterSpawnRateFactor": 0.1,
  "startingSpawnRadius": 0,
  "decaySpawnRateFactor": 2.6,
  "maxDecayLeaves": 9
}