{
  "globalEnabled": true,
  "overridesEnabledInServerMode": true,
  "combatCooldown": 16.0,
  "fadeOutTime": 2.0,
  "global": {
    "pieces": {
      "LEGS": {
        "transparency": 100
      },
      "FEET": {
        "transparency": 100
      },
      "ELYTRA": {
        "transparency": 100
      },
      "SHIELD": {
        "transparency": 100
      },
      "HEAD": {
        "transparency": 100
      },
      "CHEST": {
        "transparency": 100
      }
    },
    "trims": {
      "OFFHAND": {
        "transparency": 100
      },
      "LEGS": {
        "transparency": 100
      },
      "FEET": {
        "transparency": 100
      },
      "HEAD": {
        "transparency": 100
      },
      "MAINHAND": {
        "transparency": 100
      },
      "CHEST": {
        "transparency": 100
      }
    },
    "glints": {
      "LEGS": {
        "transparency": 100
      },
      "FEET": {
        "transparency": 100
      },
      "ELYTRA": {
        "transparency": 100
      },
      "SHIELD": {
        "transparency": 100
      },
      "HEAD": {
        "transparency": 100
      },
      "CHEST": {
        "transparency": 100
      }
    },
    "showInCombat": true,
    "showNameTag": true
  },
  "overrides": {}
}