{
  "allowMovement": {
    "net.minecraft.class_434": true,
    "net.minecraft.class_433": true,
    "net.coderbot.iris.gui.screen.ShaderPackScreen": true,
    "net.minecraft.class_5375": true,
    "xaero.map.gui.GuiMap": true,
    "me.shedaniel.rei.impl.client.gui.screen.DefaultDisplayViewingScreen": true,
    "foundationgames.enhancedblockentities.config.gui.screen.EBEConfigScreen": true,
    "me.flashyreese.mods.reeses_sodium_options.client.gui.SodiumVideoOptionsScreen": true,
    "me.shedaniel.clothconfig2.gui.ClothConfigScreen": true,
    "dev.lambdaurora.lambdynlights.gui.SettingsScreen": true,
    "dev.isxander.yacl3.gui.YACLScreen": true,
    "dev.tr7zw.notenoughanimations.NEAnimationsLoader$1": true,
    "io.github.apace100.origins.screen.ViewOriginScreen": true,
    "de.maxhenkel.voicechat.gui.group.JoinGroupScreen": true,
    "de.maxhenkel.voicechat.gui.group.GroupScreen": true,
    "fuzs.enchantinginfuser.client.gui.screens.inventory.InfuserScreen": true,
    "net.minecraft.class_407": true
  },
  "hideBackground": {
    "me.shedaniel.rei.impl.client.gui.screen.DefaultDisplayViewingScreen": true,
    "fuzs.enchantinginfuser.client.gui.screens.inventory.InfuserScreen": true
  }
}