{
  "allowMovement": {
    "net.minecraft.class_434": true,
    "net.minecraft.class_433": true,
    "net.coderbot.iris.gui.screen.ShaderPackScreen": true,
    "net.minecraft.class_5375": true,
    "xaero.map.gui.GuiMap": true,
    "me.shedaniel.rei.impl.client.gui.screen.DefaultDisplayViewingScreen": true,
    "foundationgames.enhancedblockentities.config.gui.screen.EBEConfigScreen": true,
    "me.flashyreese.mods.reeses_sodium_options.client.gui.SodiumVideoOptionsScreen": true,
    "me.shedaniel.clothconfig2.gui.ClothConfigScreen": true,
    "dev.lambdaurora.lambdynlights.gui.SettingsScreen": true,
    "dev.isxander.yacl3.gui.YACLScreen": true,
    "dev.tr7zw.notenoughanimations.NEAnimationsLoader$1": true,
    "io.github.apace100.origins.screen.ViewOriginScreen": true,
    "de.maxhenkel.voicechat.gui.group.JoinGroupScreen": true,
    "de.maxhenkel.voicechat.gui.group.GroupScreen": true,
    "fuzs.enchantinginfuser.client.gui.screens.inventory.InfuserScreen": true,
    "net.minecraft.class_407": true,
    "net.minecraft.class_410": true,
    "me.cominixo.betterf3.config.gui.ModConfigScreen": true,
    "me.cominixo.betterf3.config.gui.modules.ModulesScreen": true,
    "team.creative.creativecore.client.ModMenuImpl$1": true,
    "gg.essential.gui.screenshot.components.ScreenshotBrowser": true,
    "cc.cosmetica.cosmetica.screens.LoadingScreen": true,
    "cc.cosmetica.cosmetica.screens.CustomiseCosmeticsScreen": true,
    "betteradvancements.gui.BetterAdvancementsScreen": true,
    "gg.essential.gui.wardrobe.Wardrobe": true,
    "xaero.common.gui.GuiAddWaypoint": true,
    "io.github.bumblesoftware.fastload.client.BuildingTerrainScreen": true,
    "dlovin.inventoryhud.config.gui.InventoryConfigScreen": true,
    "dlovin.inventoryhud.config.gui.ArmorConfigScreen": true,
    "dlovin.inventoryhud.config.gui.PotionConfigScreen": true,
    "dlovin.inventoryhud.config.InGameConfigScreen": true,
    "dlovin.inventoryhud.config.gui.TrinketsConfigScreen": true,
    "net.minecraft.class_4895": true,
    "nl.enjarai.showmeyourskin.gui.ServerIntegratedConfigScreen": true,
    "nl.enjarai.showmeyourskin.gui.ServerOverridesConfigScreen": true
  },
  "hideBackground": {
    "me.shedaniel.rei.impl.client.gui.screen.DefaultDisplayViewingScreen": true,
    "fuzs.enchantinginfuser.client.gui.screens.inventory.InfuserScreen": true,
    "net.minecraft.class_4895": true
  }
}