{
  "last_seen_version": "1.7.0-beta.1+1.20",
  "current_controller": null,
  "controllers": {},
  "compound_joysticks": [],
  "global": {
    "virtual_mouse_screens": [
      "net.minecraft.class_465"
    ],
    "keyboard_movement": false,
    "out_of_focus_input": false,
    "load_vibration_natives": false,
    "vibration_onboarded": false,
    "reach_around": "OFF",
    "allow_server_rumble": true,
    "ui_sounds": false,
    "notify_low_battery": true,
    "delegate_setup": false,
    "ingame_button_guide_scale": 1.0
  }
}